Date	Vendor	Description	Category	Amount
1/6/2016	airgas	Airgas	Facility Services	109.03
1/20/2016	airgas	Airgas	Facility Services	109.03
1/20/2016	anton paar usa	Anton Paar USA	Lab Supplies	7275.38
1/28/2016	bik rchg, nov'15	BIK Rchg, Nov'15	Facility Services	51.63
1/31/2016	cmptg dvc sprt rchg	Cmptg Dvc Sprt Rchg	Facility Services	1.02
1/14/2016	fisher	Fisher	Lab Supplies	491.23
1/31/2016	locknetics	locknetics	Facility Services	843.22
1/31/2016	gen/auto/liab	gen/auto/liab	Facility Services	1.15
1/31/2016	gen/auto/liab	gen/auto/liab	Facility Services	49.51
1/27/2016	hampton rsrch	Hampton Rsrch	Screens	399.11
1/31/2016	network rchg	Network Rchg	Facility Services	33.62
1/5/2016	qiagen	Qiagen	Screens	280.46
1/5/2016	qiagen	Qiagen	Screens	280.47
1/5/2016	qiagen	Qiagen	Screens	280.47
1/5/2016	qiagen	Qiagen	Screens	280.47
1/20/2016	qiagen	Qiagen	Screens	280.47
1/6/2016	mt rainin	mt rainin	Lab Supplies	524.39
1/11/2016	remi	Remi	Misc	717.35
1/11/2016	ttp labtech	TTP Labtech	TTP Labtech	355.29
1/11/2016	ttp labtech	TTP Labtech	TTP Labtech	355.29
1/11/2016	ttp labtech	TTP Labtech	TTP Labtech	1727.57
1/13/2016	ttp labtech	TTP Labtech	TTP Labtech	1735.64
1/13/2016	ttp labtech	TTP Labtech	TTP Labtech	1735.34
1/22/2016	ttp labtech	TTP Labtech	TTP Labtech	-1735.64
1/13/2016	ttp labtech	TTP Labtech	TTP Labtech	9.8
1/6/2016	vpl	VPL	Facility Services	10.26
1/6/2016	vpl	VPL	Facility Services	16.54
1/6/2016	vpl	VPL	Facility Services	6.66
1/13/2016	vpl	VPL	Facility Services	6.33
1/13/2016	vpl	VPL	Facility Services	6.33
1/13/2016	vpl	VPL	Facility Services	6.33
1/13/2016	vpl	VPL	Facility Services	6.33
1/13/2016	vpl	VPL	Facility Services	6.91
1/13/2016	vpl	VPL	Facility Services	12.66
1/13/2016	vpl	VPL	Facility Services	12.67
1/20/2016	vpl	VPL	Facility Services	11.7
1/20/2016	vpl	VPL	Facility Services	11.7
1/20/2016	vpl	VPL	Facility Services	11.7
1/20/2016	vpl	VPL	Facility Services	11.7
1/20/2016	vpl	VPL	Facility Services	11.7
1/6/2016	vpl	VPL	Facility Services	0.95
1/6/2016	vpl	VPL	Facility Services	0.95
1/6/2016	vpl	VPL	Facility Services	0.95
1/27/2016	vpl	VPL	Facility Services	3.04
1/27/2016	vpl	VPL	Facility Services	3.8
1/27/2016	vpl	VPL	Facility Services	12.16
2/1/16	airgas	Airgas	Facility Services	109.03
2/2/16	airgas	Airgas	Facility Services	109.03
2/3/16	airgas	Airgas	Facility Services	109.03
2/4/16	airgas	Airgas	Facility Services	109.03
2/5/16	cmptg dvc sprt rchg	Cmptg Dvc Sprt Rchg	Facility Services	1.02
2/6/16	e&k scientific	E&K Scientific	Lab Supplies	410.99
2/7/16	e&k scientific	E&K Scientific	Lab Supplies	356.33
2/8/16	e&k scientific	E&K Scientific	Lab Supplies	475.11
2/9/16	locknetics	locknetics	Facility Services	632.42
2/10/16	locknetics	locknetics	Facility Services	-632.42
2/11/16	locknetics	locknetics	Facility Services	632.42
2/12/16	gen/auto/liab	gen/auto/liab	Facility Services	49.51
2/13/16	gen/auto/liab	gen/auto/liab	Facility Services	0.77
2/14/16	network rchg	Network Rchg	Facility Services	33.62
2/15/16	qiagen	Qiagen	Screens	275.03
2/16/16	qiagen	Qiagen	Screens	275.03
2/17/16	qiagen	Qiagen	Screens	275.03
2/18/16	qiagen	Qiagen	Screens	275.03
2/19/16	qiagen	Qiagen	Screens	280.94
2/20/16	qiagen	Qiagen	Screens	280.94
2/21/16	qiagen	Qiagen	Screens	280.95
2/22/16	qiagen	Qiagen	Screens	280.94
2/23/16	qiagen	Qiagen	Screens	275.03
2/24/16	qiagen	Qiagen	Screens	280.94
2/25/16	qiagen	Qiagen	Screens	275.03
2/26/16	remi	REMI	Misc	794.21
2/27/16	ttp labtech	TTP Labtech	TTP Labtech	1742.15
2/28/16	ttp labtech	TTP Labtech	TTP Labtech	2768.75
2/29/16	ttp labtech	TTP Labtech	TTP Labtech	1742.15
2/1/16	vpl	VPL	Facility Services	28.78
2/2/16	vpl	VPL	Facility Services	19
2/3/16	vpl	VPL	Facility Services	19.57
2/4/16	vpl	VPL	Facility Services	19
2/5/16	vpl	VPL	Facility Services	28.79
2/6/16	vpl	VPL	Facility Services	11.5
2/7/16	vpl	VPL	Facility Services	11.5
2/8/16	vpl	VPL	Facility Services	11.5
2/9/16	vpl	VPL	Facility Services	11.5
2/10/16	vpl	VPL	Facility Services	11.5
2/11/16	vpl	VPL	Facility Services	8.04
2/12/16	vpl	VPL	Facility Services	8.04
2/13/16	vpl	VPL	Facility Services	8.04
2/14/16	vpl	VPL	Facility Services	8.04
2/15/16	vpl	VPL	Facility Services	8.04
2/16/16	vpl	VPL	Facility Services	8.04
2/17/16	vpl	VPL	Facility Services	9.16
2/18/16	vwr international	VWR International	Lab Supplies	200.48
3/1/2016	airgas	AIRGAS	Facility Services	109.03
3/9/2016	airgas	AIRGAS	Facility Services	109.03
3/16/2016	airgas	AIRGAS	Facility Services	109.03
3/30/2016	airgas	AIRGAS	Facility Services	109.03
3/8/2016	bik rchg, dec'15	BIK Rchg, Dec'15	Facility Services	44.25
3/11/2016	bik rchg, feb'16	BIK Rchg, Feb'16	Facility Services	81.13
3/8/2016	bik rchg, jan'16	BIK Rchg, Jan'16	Facility Services	22.13
3/31/2016	computing device support rchg	COMPUTING DEVICE SUPPORT RCHG	Facility Services	1.02
3/31/2016	locknetics	locknetics	Facility Services	662.54
3/31/2016	gen/auto liability	GEN/AUTO LIABILITY	Facility Services	3.09
3/31/2016	gen/auto liability	GEN/AUTO LIABILITY	Facility Services	0.77
3/22/2016	give something back	GIVE SOMETHING BACK	Misc	17.19
3/7/2016	give something back	GIVE SOMETHING BACK	Misc	77.21
3/2/2016	hampton research	HAMPTON RESEARCH	Screens	427.39
3/15/2016	hampton research	HAMPTON RESEARCH	Screens	1282.16
3/15/2016	molecular dimensions	MOLECULAR DIMENSIONS	Screens	373.18
3/15/2016	molecular dimensions	MOLECULAR DIMENSIONS	Screens	214.66
3/15/2016	molecular dimensions	MOLECULAR DIMENSIONS	Screens	237.78
3/31/2016	network recharge	Network Recharge	Facility Services	2.87
3/2/2016	qiagen	QIAGEN	Screens	280.93
3/2/2016	qiagen	QIAGEN	Screens	280.94
3/2/2016	qiagen	QIAGEN	Screens	280.94
3/4/2016	qiagen	QIAGEN	Screens	275.03
3/8/2016	qiagen	QIAGEN	Screens	550.06
3/10/2016	qiagen	QIAGEN	Screens	280.92
3/21/2016	qiagen	QIAGEN	Screens	275.03
3/21/2016	qiagen	QIAGEN	Screens	275.03
3/3/2016	qiagen	QIAGEN	Screens	1506.3
3/2/2016	remi	REMI	Misc	768.59
3/30/2016	sigma-aldrich	SIGMA-ALDRICH	Lab Supplies	671.1
3/10/2016	ttp labtech	TTP LABTECH	TTP Labtech	2768.75
3/15/2016	ttp labtech	TTP LABTECH	TTP Labtech	1737.12
3/15/2016	ttp labtech	TTP LABTECH	TTP Labtech	194.26
3/31/2016	ttp labtech	TTP LABTECH	TTP Labtech	348
3/31/2016	ttp labtech	TTP LABTECH	TTP Labtech	1631.25
3/31/2016	ttp labtech	TTP LABTECH	TTP Labtech	261
3/2/2016	vantage point logistics	VANTAGE POINT LOGISTICS	Facility Services	8.08
3/2/2016	vantage point logistics	VANTAGE POINT LOGISTICS	Facility Services	4.67
3/2/2016	vantage point logistics	VANTAGE POINT LOGISTICS	Facility Services	5.21
3/2/2016	vantage point logistics	VANTAGE POINT LOGISTICS	Facility Services	8.82
3/2/2016	vantage point logistics	VANTAGE POINT LOGISTICS	Facility Services	7.7
3/2/2016	vantage point logistics	VANTAGE POINT LOGISTICS	Facility Services	7.7
3/2/2016	vantage point logistics	VANTAGE POINT LOGISTICS	Facility Services	7.7
3/2/2016	vantage point logistics	VANTAGE POINT LOGISTICS	Facility Services	7.7
3/2/2016	vantage point logistics	VANTAGE POINT LOGISTICS	Facility Services	7.7
3/2/2016	vantage point logistics	VANTAGE POINT LOGISTICS	Facility Services	7.7
3/16/2016	vantage point logistics	VANTAGE POINT LOGISTICS	Facility Services	11.41
3/16/2016	vantage point logistics	VANTAGE POINT LOGISTICS	Facility Services	66.53
3/9/2016	vantage point logistics	VANTAGE POINT LOGISTICS	Facility Services	18.52
3/9/2016	vantage point logistics	VANTAGE POINT LOGISTICS	Facility Services	10.46
4/1/16	airgas	Airgas	Facility Services	109.03
4/2/16	airgas	Airgas	Facility Services	109.03
4/3/16	bik rchg, mar'16	BIK Rchg, Mar'16	Facility Services	14.75
4/4/16	cdw-government	CDW-Government	Lab Supplies	88.57
4/5/16	cmptg dvc sprt rchg	Cmptg Dvc Sprt Rchg	Facility Services	1.02
4/6/16	fisher	Fisher	Lab Supplies	426.14
4/7/16	locknetics	locknetics	Facility Services	271.04
4/8/16	gen/auto/liab	gen/auto/liab	Facility Services	0.77
4/9/16	gen/auto/liab	gen/auto/liab	Facility Services	3.09
4/10/16	grainger	Grainger	Lab Supplies	66.57
4/11/16	grainger	Grainger	Lab Supplies	416.9
4/12/16	id card/ vivona,sandro	ID Card/ Vivona,Sandro	Facility Services	22
4/13/16	network rchg	Network Rchg	Facility Services	2.87
4/14/16	qiagen	Qiagen	Screens	280.47
4/15/16	qiagen	Qiagen	Screens	280.47
4/16/16	qiagen	Qiagen	Screens	280.47
4/17/16	qiagen	Qiagen	Screens	280.47
4/18/16	qiagen	Qiagen	Screens	302.22
4/19/16	remi	Remi	Misc	794.21
4/20/16	ttp labtech	TTP Labtech	TTP Labtech	1741.85
4/21/16	ttp labtech	TTP Labtech	TTP Labtech	1742.15
4/22/16	ttp labtech	TTP Labtech	TTP Labtech	-1742.15
4/23/16	ttp labtech	TTP Labtech	TTP Labtech	1741.85
4/24/16	ttp labtech	TTP Labtech	TTP Labtech	-1741.85
4/25/16	ttp labtech	TTP Labtech	TTP Labtech	10.63
4/26/16	ttp labtech	TTP Labtech	TTP Labtech	9.8
4/27/16	ttp labtech	TTP Labtech	TTP Labtech	-10.63
4/28/16	vpl	VPL	Facility Services	28.67
4/29/16	vpl	VPL	Facility Services	28.68
4/30/16	vpl	VPL	Facility Services	57.2
4/1/16	vpl	VPL	Facility Services	9.76
4/2/16	vpl	VPL	Facility Services	8.54
4/3/16	vpl	VPL	Facility Services	8.54
4/4/16	vpl	VPL	Facility Services	8.54
4/5/16	vpl	VPL	Facility Services	8.54
4/6/16	vpl	VPL	Facility Services	8.54
4/7/16	vpl	VPL	Facility Services	8.54
4/8/16	vpl	VPL	Facility Services	10.62
5/1/16	airgas	Airgas	Facility Services	109.03
5/2/16	airgas	Airgas	Facility Services	109.03
5/3/16	airgas	Airgas	Facility Services	109.03
5/4/16	bik rchg, apr'16	BIK Rchg, Apr'16	Facility Services	51.63
5/5/16	cdw-government	CDW-Government	Lab Supplies	74.58
5/6/16	cmptg dvc sprt rchg	Cmptg Dvc Sprt Rchg	Facility Services	1.02
5/7/16	formulatrix	Formulatrix	Formulatrix	3582.95
5/8/16	formulatrix	Formulatrix	Formulatrix	4528.05
5/9/16	locknetics	locknetics	Facility Services	451.73
5/10/16	gen/auto/liab	gen/auto/liab	Facility Services	3.09
5/11/16	gen/auto/liab	gen/auto/liab	Facility Services	0.77
5/12/16	network rchg	Network Rchg	Facility Services	2.87
5/13/16	qiagen	Qiagen	Screens	275.03
5/14/16	qiagen	Qiagen	Screens	275.03
5/15/16	qiagen	Qiagen	Screens	275.03
5/16/16	qiagen	Qiagen	Screens	275.03
5/17/16	qiagen	Qiagen	Screens	275.03
5/18/16	qiagen	Qiagen	Screens	275.03
5/19/16	ttp labtech	TTP Labtech	TTP Labtech	2224.76
5/20/16	ttp labtech	TTP Labtech	TTP Labtech	2225
5/21/16	ttp labtech	TTP Labtech	TTP Labtech	-2225
5/22/16	ttp labtech	TTP Labtech	TTP Labtech	1722.59
5/23/16	ttp labtech	TTP Labtech	TTP Labtech	1107.06
5/24/16	ttp labtech	TTP Labtech	TTP Labtech	376.25
5/25/16	ttp labtech	TTP Labtech	TTP Labtech	7528.5
5/26/16	ttp labtech	TTP Labtech	TTP Labtech	10.57
5/27/16	ttp labtech	TTP Labtech	TTP Labtech	9.5
5/28/16	vpl	VPL	Facility Services	11.47
5/29/16	vpl	VPL	Facility Services	11.47
5/30/16	vpl	VPL	Facility Services	11.47
5/31/16	vpl	VPL	Facility Services	11.47
5/1/16	vpl	VPL	Facility Services	11.47
5/2/16	vpl	VPL	Facility Services	54.98
5/3/16	vpl	VPL	Facility Services	13.45
5/4/16	vpl	VPL	Facility Services	12.16
5/5/16	vpl	VPL	Facility Services	28.7
5/6/16	vpl	VPL	Facility Services	12.15
5/7/16	vpl	VPL	Facility Services	12.16
5/8/16	vpl	VPL	Facility Services	13.14
5/9/16	vpl	VPL	Facility Services	12.16
5/10/16	vpl	VPL	Facility Services	12.16
5/11/16	vpl	VPL	Facility Services	28.7
5/12/16	vpl	VPL	Facility Services	58.39
5/13/16	vpl	VPL	Facility Services	28.7
5/14/16	vpl	VPL	Facility Services	28.7
5/15/16	vpl	VPL	Facility Services	16.26
5/16/16	vwr international	VWR International	Lab Supplies	476
6/9/2016	airgas	AIRGAS	Facility Services	83.74
6/27/2016	airgas	AIRGAS	Facility Services	83.74
6/27/2016	airgas	AIRGAS	Facility Services	83.74
6/17/2016	bik rchg, may'16	BIK Rchg, May'16	Facility Services	29.5
6/30/2016	computing device support rchg	COMPUTING DEVICE SUPPORT RCHG	Facility Services	1.02
6/30/2016	e&k scientific products.	E&K SCIENTIFIC PRODUCTS.	Lab Supplies	712.66
6/20/2016	formulatrix	FORMULATRIX	Formulatrix	3582.95
6/20/2016	formulatrix	FORMULATRIX	Formulatrix	4528.05
6/30/2016	locknetics	locknetics	Facility Services	786.45
6/30/2016	gen/auto liability	GEN/AUTO LIABILITY	Facility Services	0.77
6/30/2016	gen/auto liability	GEN/AUTO LIABILITY	Facility Services	3.09
6/30/2016	network recharge	Network Recharge	Facility Services	2.87
6/6/2016	qiagen	QIAGEN	Screens	186.94
6/9/2016	qiagen	QIAGEN	Screens	280.47
6/16/2016	qiagen	QIAGEN	Screens	149.75
6/30/2016	qiagen	QIAGEN	Screens	275.03
6/30/2016	qiagen	QIAGEN	Screens	275.03
6/30/2016	qiagen	QIAGEN	Screens	275.03
6/30/2016	remi	REMI	Misc	768.59
6/9/2016	ttp labtech	TTP LABTECH	TTP Labtech	1742.15
6/17/2016	ttp labtech	TTP LABTECH	TTP Labtech	2768.75
6/17/2016	ttp labtech	TTP LABTECH	TTP Labtech	350.6
6/17/2016	ttp labtech	TTP LABTECH	TTP Labtech	233.73
6/17/2016	ttp labtech	TTP LABTECH	TTP Labtech	135.57
6/30/2016	ttp labtech	TTP LABTECH	TTP Labtech	279.75
6/30/2016	ttp labtech	TTP LABTECH	TTP Labtech	466.25
6/1/2016	vantage point logistics	VANTAGE POINT LOGISTICS	Facility Services	13.01
6/1/2016	vantage point logistics	VANTAGE POINT LOGISTICS	Facility Services	13.03
6/1/2016	vantage point logistics	VANTAGE POINT LOGISTICS	Facility Services	27.51
6/1/2016	vantage point logistics	VANTAGE POINT LOGISTICS	Facility Services	13.03
6/1/2016	vantage point logistics	VANTAGE POINT LOGISTICS	Facility Services	27.51
6/1/2016	vantage point logistics	VANTAGE POINT LOGISTICS	Facility Services	13.03
6/1/2016	vantage point logistics	VANTAGE POINT LOGISTICS	Facility Services	13.03
6/8/2016	vantage point logistics	VANTAGE POINT LOGISTICS	Facility Services	15.07
6/28/2016	vwr international.	VWR INTERNATIONAL.	Lab Supplies	267.31
7/13/2016	airgas	Airgas	Facility Services	83.74
7/21/2016	airgas	Airgas	Facility Services	83.74
7/30/2016	bik rchg 6/16	BIK Rchg 6/16	Facility Services	59
7/31/2016	cmptg dvc sprt rchg	Cmptg Dvc Sprt Rchg	Facility Services	1.65
7/20/2016	estes comm ref	Estes Comm Ref	Misc	421.37
7/22/2016	formulatrix	Formulatrix	Formulatrix	3018.85
7/22/2016	formulatrix	Formulatrix	Formulatrix	3815.15
7/31/2016	locknetics	Locknetics	Facility Services	637.05
7/31/2016	gen/auto/liab	gen/auto/liab	Facility Services	3.14
7/31/2016	gen/auto/liab	gen/auto/liab	Facility Services	1.15
7/31/2016	network rchg	Network Rchg	Facility Services	3.52
7/7/2016	qiagen	Qiagen	Screens	177.15
7/7/2016	qiagen	Qiagen	Screens	275.03
7/8/2016	qiagen	Qiagen	Screens	275.03
7/25/2016	qiagen	Qiagen	Screens	275.03
7/7/2016	remi	Remi	Misc	794.21
7/13/2016	remi	Remi	Misc	794.21
7/13/2016	vpl	VPL	Facility Services	12.36
7/13/2016	vpl	VPL	Facility Services	14.01
7/13/2016	vpl	VPL	Facility Services	14.01
7/13/2016	vpl	VPL	Facility Services	14.01
7/13/2016	vpl	VPL	Facility Services	14.01
7/13/2016	vpl	VPL	Facility Services	14.02
8/31/2016	computing device support rchg	COMPUTING DEVICE SUPPORT RCHG	Facility Services	1.1
8/4/2016	e&k scientific products.	E&K SCIENTIFIC PRODUCTS.	Lab Supplies	513.74
8/11/2016	e&k scientific products.	E&K SCIENTIFIC PRODUCTS.	Lab Supplies	102.75
8/18/2016	e&k scientific products.	E&K SCIENTIFIC PRODUCTS.	Lab Supplies	711.01
8/23/2016	formulatrix	FORMULATRIX	Formulatrix	3018.85
8/23/2016	formulatrix	FORMULATRIX	Formulatrix	3815.15
8/31/2016	locknetics	locknetics	Facility Services	980.16
8/31/2016	gen/auto liability	GEN/AUTO LIABILITY	Facility Services	0.77
8/31/2016	gen/auto liability	GEN/AUTO LIABILITY	Facility Services	3.14
8/31/2016	gh s176 bsas bench top bracing	GH S176 BSAS Bench Top Bracing	Facility Services	8.06
8/31/2016	genetech bsas bench top bracin	Genetech BSAS Bench Top Bracin	Facility Services	8.06
8/8/2016	molecular dimensions	MOLECULAR DIMENSIONS	Screens	222.06
8/31/2016	network recharge	Network Recharge	Facility Services	3.08
8/18/2016	qiagen	QIAGEN	Screens	275.03
8/18/2016	qiagen	QIAGEN	Screens	275.03
8/18/2016	qiagen	QIAGEN	Screens	275.03
8/18/2016	qiagen	QIAGEN	Screens	275.03
8/18/2016	qiagen	QIAGEN	Screens	275.03
8/22/2016	qiagen	QIAGEN	Screens	281.55
8/25/2016	qiagen	QIAGEN	Screens	281.55
8/25/2016	qiagen	QIAGEN	Screens	281.56
8/25/2016	qiagen	QIAGEN	Screens	280.9
8/25/2016	qiagen	QIAGEN	Screens	281.55
8/25/2016	qiagen	QIAGEN	Screens	281.55
8/29/2016	qiagen	QIAGEN	Screens	275.03
8/1/2016	ttp labtech	TTP LABTECH	TTP Labtech	1742.15
8/1/2016	ttp labtech	TTP LABTECH	TTP Labtech	1741.85
8/8/2016	ttp labtech	TTP LABTECH	TTP Labtech	1716.25
8/8/2016	ttp labtech	TTP LABTECH	TTP Labtech	191.92
8/8/2016	ttp labtech	TTP LABTECH	TTP Labtech	1654.47
8/11/2016	ttp labtech	TTP LABTECH	TTP Labtech	-1742.15
8/8/2016	ttp labtech	TTP LABTECH	TTP Labtech	1716.17
8/8/2016	ttp labtech	TTP LABTECH	TTP Labtech	1654.4
8/8/2016	ttp labtech	TTP LABTECH	TTP Labtech	191.92
8/15/2016	ttp labtech	TTP LABTECH	TTP Labtech	-1654.47
8/15/2016	ttp labtech	TTP LABTECH	TTP Labtech	-191.92
8/15/2016	ttp labtech	TTP LABTECH	TTP Labtech	-1716.25
8/1/2016	ttp labtech	TTP LABTECH	TTP Labtech	9.8
8/8/2016	ttp labtech	TTP LABTECH	TTP Labtech	9.65
8/3/2016	vantage point logistics	VANTAGE POINT LOGISTICS	Facility Services	8.44
8/3/2016	vantage point logistics	VANTAGE POINT LOGISTICS	Facility Services	9.56
8/3/2016	vantage point logistics	VANTAGE POINT LOGISTICS	Facility Services	9.56
8/3/2016	vantage point logistics	VANTAGE POINT LOGISTICS	Facility Services	9.56
8/3/2016	vantage point logistics	VANTAGE POINT LOGISTICS	Facility Services	9.56
8/3/2016	vantage point logistics	VANTAGE POINT LOGISTICS	Facility Services	9.56
8/10/2016	vantage point logistics	VANTAGE POINT LOGISTICS	Facility Services	13.28
8/31/2016	vantage point logistics	VANTAGE POINT LOGISTICS	Facility Services	10.2
8/31/2016	vantage point logistics	VANTAGE POINT LOGISTICS	Facility Services	11.51
8/31/2016	vantage point logistics	VANTAGE POINT LOGISTICS	Facility Services	11.55
8/31/2016	vantage point logistics	VANTAGE POINT LOGISTICS	Facility Services	11.51
8/31/2016	vantage point logistics	VANTAGE POINT LOGISTICS	Facility Services	11.51
8/31/2016	vantage point logistics	VANTAGE POINT LOGISTICS	Facility Services	11.57
8/31/2016	vantage point logistics	VANTAGE POINT LOGISTICS	Facility Services	11.57
8/31/2016	vantage point logistics	VANTAGE POINT LOGISTICS	Facility Services	11.57
8/31/2016	vantage point logistics	VANTAGE POINT LOGISTICS	Facility Services	13.28
8/31/2016	vantage point logistics	VANTAGE POINT LOGISTICS	Facility Services	11.51
8/31/2016	vantage point logistics	VANTAGE POINT LOGISTICS	Facility Services	11.57
8/31/2016	vantage point logistics	VANTAGE POINT LOGISTICS	Facility Services	11.52
9/6/2016	airgas	Airgas	Facility Services	83.74
9/23/2016	bulbamerica	bulbamerica	Lab Supplies	49.09
9/8/2016	bulbconnection	bulbconnection	Lab Supplies	18.86
9/30/2016	cmptg dvc sprt rchg	Cmptg Dvc Sprt Rchg	Facility Services	1.1
9/28/2016	formulatrix	Formulatrix	Formulatrix	3815
9/28/2016	formulatrix	Formulatrix	Formulatrix	3018
9/30/2016	locknetics	Locknetics	Facility Services	490.08
9/30/2016	gen/auto/liab	gen/auto/liab	Facility Services	50.26
9/30/2016	gen/auto/liab	gen/auto/liab	Facility Services	0.77
9/30/2016	genetech 	Genetech 	Lab Supplies	24.18
9/30/2016	genetech 	Genetech 	Lab Supplies	6.79
9/30/2016	gh s176 	GH S176 	Facility Services	16.12
9/30/2016	gh s176 	GH S176 	Facility Services	6.59
9/15/2016	hampton research	Hampton Research	Screens	541.58
9/15/2016	hampton research	Hampton Research	Screens	541.58
9/30/2016	network rchg	Network Rchg	Facility Services	36.08
9/19/2016	qiagen	Qiagen	Screens	275.03
9/22/2016	qiagen	Qiagen	Screens	293.3
9/22/2016	qiagen	Qiagen	Screens	293.3
9/22/2016	qiagen	Qiagen	Screens	293.3
9/22/2016	qiagen	Qiagen	Screens	293.3
9/26/2016	qiagen	Qiagen	Screens	275.03
9/26/2016	qiagen	Qiagen	Screens	293.3
9/8/2016	ttp labtech	TTP Labtech	TTP Labtech	1672.46
9/8/2016	ttp labtech	TTP Labtech	TTP Labtech	1742.15
9/8/2016	ttp labtech	TTP Labtech	TTP Labtech	356.79
9/16/2016	ttp labtech	TTP Labtech	TTP Labtech	1732.25
9/16/2016	ttp labtech	TTP Labtech	TTP Labtech	427.5
9/22/2016	ttp labtech	TTP Labtech	TTP Labtech	1681.25
9/7/2016	vpl	VPL	Facility Services	28.67
9/7/2016	vpl	VPL	Facility Services	28.68
9/28/2016	vpl	VPL	Facility Services	11.66
9/28/2016	vpl	VPL	Facility Services	11.66
9/28/2016	vpl	VPL	Facility Services	11.66
9/28/2016	vpl	VPL	Facility Services	11.66
9/28/2016	vpl	VPL	Facility Services	11.66
10/3/2016	airgas	Airgas	Facility Services	167.48
10/27/2016	airgas	Airgas	Facility Services	83.74
10/12/2016	cat bik rchg 8/16	CAT BIK Rchg 8/16	Facility Services	60
10/10/2016	cat bik rchg 7/16	CAT BIK Rchg 7/16	Facility Services	20
10/31/2016	cmptg dvc sprt rchg	Cmptg Dvc Sprt Rchg	Facility Services	-0.55
10/31/2016	cmptg dvc sprt rchg	Cmptg Dvc Sprt Rchg	Facility Services	1.1
10/31/2016	locknetics 	Locknetics 	Facility Services	557.52
10/31/2016	gen/auto/liab	gen/auto/liab	Facility Services	0.77
10/31/2016	gen/auto/liab	gen/auto/liab	Facility Services	50.26
10/31/2016	bench top bracing	Bench Top Bracing	Lab Supplies	1.13
10/31/2016	bench top bracing	Bench Top Bracing	Lab Supplies	0.85
10/20/2016	hampton research	Hampton Research	Screens	541.58
10/20/2016	hampton research	Hampton Research	Screens	399.11
10/6/2016	mt rainin	mt rainin	Lab Supplies	270.03
10/6/2016	mt rainin	mt rainin	Lab Supplies	270.03
10/31/2016	network rchg	Network Rchg	Facility Services	36.08
10/31/2016	network rchg	Network Rchg	Facility Services	-0.44
10/27/2016	qiagen	Qiagen	Screens	286.77
10/27/2016	qiagen	Qiagen	Screens	286.78
10/27/2016	qiagen	Qiagen	Screens	301.27
10/27/2016	qiagen	Qiagen	Screens	301.28
10/14/2016	ttp labtech	TTP Labtech	TTP Labtech	1742.15
10/5/2016	vpl	VPL	Facility Services	4.99
10/5/2016	vpl	VPL	Facility Services	5
10/24/2016	vwr international	VWR International	Lab Supplies	267.31
11/10/2016	airgas	Airgas	Facility Services	83.74
11/14/2016	airgas	Airgas	Facility Services	167.48
11/28/2016	airgas	Airgas	Facility Services	83.74
11/28/2016	airgas	Airgas	Facility Services	83.74
11/18/2016	bik rchg 10/16	BIK Rchg 10/16	Facility Services	50
11/30/2016	cmptg dvc sprt rchg	Cmptg Dvc Sprt Rchg	Facility Services	1.1
11/3/2016	e&k scientific	E&K Scientific	Lab Supplies	355.5
11/3/2016	e&k scientific	E&K Scientific	Lab Supplies	475.11
11/10/2016	e&k scientific	E&K Scientific	Lab Supplies	177.75
11/30/2016	locknetics	locknetics	Facility Services	612.6
11/30/2016	gen/auto/liab	gen/auto/liab	Facility Services	0.77
11/30/2016	gen/auto/liab	gen/auto/liab	Facility Services	50.26
11/30/2016	network rchg	Network Rchg	Facility Services	36.08
11/2/2016	ttp labtech	TTP Labtech	TTP Labtech	355.29
11/2/2016	ttp labtech	TTP Labtech	TTP Labtech	355.29
11/2/2016	ttp labtech	TTP Labtech	TTP Labtech	1727.57
11/3/2016	ttp labtech	TTP Labtech	TTP Labtech	2768.75
11/15/2016	ttp labtech	TTP Labtech	TTP Labtech	10597
12/7/2016	airgas	Airgas	Facility Services	83.74
12/13/2016	airgas	Airgas	Facility Services	83.74
12/22/2016	airgas	Airgas	Facility Services	83.74
12/21/2016	bulbconnection	bulbconnection	Lab Supplies	13.51
12/21/2016	bulbconnection	bulbconnection	Lab Supplies	202.71
12/31/2016	cmptg dvc sprt rchg	Cmptg Dvc Sprt Rchg	Facility Services	1.11
12/31/2016	locknetics	Locknetics	Facility Services	367.56
12/31/2016	gen/auto/liab	gen/auto/liab	Facility Services	1.15
12/31/2016	gen/auto/liab	gen/auto/liab	Facility Services	50.26
12/31/2016	network rchg	Network Rchg	Facility Services	36.07
12/19/2016	ttp labtech	TTP Labtech	TTP Labtech	533.79
12/19/2016	ttp labtech	TTP Labtech	TTP Labtech	1730.36
12/9/2016	ttp labtech	TTP Labtech	TTP Labtech	2798.75
12/28/2016	vpl	VPL	Facility Services	0.66
12/28/2016	vpl	VPL	Facility Services	10.33
1/1/16			Salary/benefits	5538.3
2/1/16			Salary/benefits	9128.62
3/1/16			Salary/benefits	709.65
4/1/16			Salary/benefits	678.83
5/1/16			Salary/benefits	678.84
6/1/16			Salary/benefits	452.93
7/1/16			Salary/benefits	787.87
8/1/16			Salary/benefits	719.25
9/1/16			Salary/benefits	9432.82
10/1/16			Salary/benefits	9425.67
11/1/16			Salary/benefits	9425.68
12/1/16			Salary/benefits	9479.79
1/1/17	airgas	Airgas	Facility Services	83.55
1/2/17	airgas	Airgas	Facility Services	83.55
1/3/17	airgas	Airgas	Facility Services	83.55
1/4/17	airgas	Airgas	Facility Services	169.82
1/5/17	bik rchg	BIK Rchg	Facility Services	20
1/6/17	computing device support rchg	COMPUTING DEVICE SUPPORT RCHG	Facility Services	1.1
1/7/17	locknetics	Locknetics	Facility Services	336.93
1/8/17	gen/auto liability	GEN/AUTO LIABILITY	Facility Services	0.77
1/9/17	gen/auto liability	GEN/AUTO LIABILITY	Facility Services	50.26
1/10/17	hampton research	HAMPTON RESEARCH	Screens	392.77
1/11/17	hampton research	HAMPTON RESEARCH	Screens	436.17
1/12/17	hampton research	HAMPTON RESEARCH	Screens	571.8
1/13/17	network recharge	Network Recharge	Facility Services	36.08
1/14/17	officemaxorporated	OFFICEMAXORPORATED	Lab Supplies	10.33
1/15/17	officemaxorporated	OFFICEMAXORPORATED	Lab Supplies	36.77
1/16/17	qiagen	Qiagen	Screens	179.03
1/17/17	qiagen	Qiagen	Screens	274.4
1/18/17	qiagen	Qiagen	Screens	274.4
1/19/17	qiagen	Qiagen	Screens	274.4
1/20/17	qiagen	Qiagen	Screens	274.4
1/21/17	qiagen	Qiagen	Screens	274.4
1/22/17	qiagen	Qiagen	Screens	274.4
1/23/17	qiagen	Qiagen	Screens	274.4
1/24/17	schrodinger	SCHRODINGER	Software	3092.25
1/25/17	ttp labtech	TTP LABTECH	TTP Labtech	2768.75
1/26/17	vantage point logistics	VANTAGE POINT LOGISTICS	Facility Services	16.28
2/3/2017	airgas	Airgas	Facility Services	83.55
2/9/2017	airgas	Airgas	Facility Services	83.55
2/27/2017	airgas	Airgas	Facility Services	83.55
2/21/2017	anatrace	Anatrace	Screens	249.55
2/17/2017	bik rchg	BIK Rchg	Facility Services	50
2/28/2017	cmptg dvc sprt rchg	cmptg dvc sprt rchg	Facility Services	1.1
2/28/2017	locknetics	Locknetics	Facility Services	704.49
2/28/2017	gen/auto/liab	gen/auto/liab	Facility Services	0.77
2/28/2017	gen/auto/liab	gen/auto/liab	Facility Services	50.26
2/23/2017	grainger	Grainger	Lab Supplies	387.57
2/9/2017	hampton research	Hampton Research	Screens	210.49
2/9/2017	hampton research	Hampton Research	Screens	210.49
2/9/2017	hampton research	Hampton Research	Screens	694.4
2/6/2017	hd supply	HD Supply	Facility Services	14.25
2/28/2017	network recharge	Network Recharge	Facility Services	36.08
2/9/2017	qiagen	Qiagen	Screens	286.11
2/17/2017	qiagen	Qiagen	Screens	286.11
2/21/2017	qiagen	Qiagen	Screens	286.11
2/23/2017	qiagen	Qiagen	Screens	270.91
2/23/2017	qiagen	Qiagen	Screens	270.91
2/2/2017	ttp labtech	TTP Labtech	TTP Labtech	1738.26
2/21/2017	ttp labtech	TTP Labtech	TTP Labtech	314.74
2/21/2017	ttp labtech	TTP Labtech	TTP Labtech	1738.26
2/8/2017	vpl	VPL	Facility Services	5.13
2/8/2017	vpl	VPL	Facility Services	5.81
2/8/2017	vpl	VPL	Facility Services	6.16
2/15/2017	vpl	VPL	Facility Services	2.84
2/15/2017	vpl	VPL	Facility Services	3.14
2/15/2017	vpl	VPL	Facility Services	4.15
2/15/2017	vwr international	VWR International	Lab Supplies	179.04
2/15/2017	vwr international	VWR International	Lab Supplies	876.32
3/13/2017	airgas	Airgas	Facility Services	83.55
3/23/2017	airgas	Airgas	Facility Services	83.55
3/27/2017	airgas	Airgas	Facility Services	83.55
3/30/2017	bik rchg	BIK Rchg	Facility Services	60
3/31/2017	cmptg dvc sprt rchg	cmptg dvc sprt rchg	Facility Services	1.1
3/10/2017	e&k scientific	E&K Scientific	Lab Supplies	379.6
3/10/2017	e&k scientific	E&K Scientific	Lab Supplies	403.51
3/2/2017	formulatrix	Formulatrix	Formulatrix	125
3/31/2017	locknetics	Locknetics	Facility Services	520.71
3/31/2017	gen/auto/liab	gen/auto/liab	Facility Services	0.77
3/31/2017	gen/auto/liab	gen/auto/liab	Facility Services	50.26
3/16/2017	hampton research	Hampton Research	Screens	81.38
3/16/2017	hampton research	Hampton Research	Screens	72.15
3/16/2017	hampton research	Hampton Research	Screens	198.56
3/16/2017	hampton research	Hampton Research	Screens	219.17
3/10/2017	hampton research	Hampton Research	Screens	399.28
3/27/2017	mcmaster-carr	McMaster-Carr	Lab Supplies	17.45
3/31/2017	network recharge	Network Recharge	Facility Services	36.08
3/23/2017	officemax	OfficeMax	Lab Supplies	24.53
3/22/2017	qiagen	Qiagen	Screens	270.91
3/22/2017	qiagen	Qiagen	Screens	270.91
3/22/2017	qiagen	Qiagen	Screens	270.91
3/22/2017	qiagen	Qiagen	Screens	270.91
3/22/2017	qiagen	Qiagen	Screens	270.91
3/22/2017	qiagen	Qiagen	Screens	270.91
3/22/2017	qiagen	Qiagen	Screens	270.93
3/27/2017	ttp labtech	TTP Labtech	TTP Labtech	354.49
3/27/2017	ttp labtech	TTP Labtech	TTP Labtech	354.49
3/27/2017	ttp labtech	TTP Labtech	TTP Labtech	1723.68
3/1/2017	vpl	VPL	Facility Services	21.36
3/8/2017	vpl	VPL	Facility Services	2
3/8/2017	vpl	VPL	Facility Services	2
3/8/2017	vpl	VPL	Facility Services	6.53
3/29/2017	vpl	VPL	Facility Services	2.99
3/29/2017	vpl	VPL	Facility Services	8.19
3/29/2017	vpl	VPL	Facility Services	8.8
3/22/2017	vpl	VPL	Facility Services	10.64
3/23/2017	waddling, chris	Waddling, Chris	Misc	99.99
4/13/2017	airgas	Airgas	Facility Services	83.55
4/28/2017	airgas	Airgas	Facility Services	83.55
4/28/2017	airgas	Airgas	Facility Services	169.82
4/14/2017	cdw-government	CDW-Government	Lab Supplies	118.83
4/14/2017	cdw-government	CDW-Government	Lab Supplies	211.9
4/14/2017	cdw-government	CDW-Government	Lab Supplies	372.33
4/30/2017	cmptg dvc sprt rchg	cmptg dvc sprt rchg	Facility Services	1.1
4/1/2017	e&k scientific	E&K Scientific	Lab Supplies	512.55
4/30/2017	locknetics	Locknetics	Facility Services	612.6
4/30/2017	gen/auto/liab	gen/auto/liab	Facility Services	0.77
4/30/2017	gen/auto/liab	gen/auto/liab	Facility Services	50.26
4/17/2017	hampton research	Hampton Research	Screens	87.89
4/6/2017	hampton research	Hampton Research	Screens	399.28
4/24/2017	hampton research	Hampton Research	Screens	399.28
4/28/2017	mathworks	Mathworks	Software	10.85
4/28/2017	mathworks	Mathworks	Software	10.85
4/28/2017	mathworks	Mathworks	Software	10.85
4/28/2017	mathworks	Mathworks	Software	10.85
4/28/2017	mathworks	Mathworks	Software	10.85
4/28/2017	mathworks	Mathworks	Software	10.85
4/28/2017	mathworks	Mathworks	Software	25.71
4/28/2017	mathworks	Mathworks	Software	27.13
4/28/2017	mathworks	Mathworks	Software	43.36
4/28/2017	mathworks	Mathworks	Software	43.36
4/28/2017	mathworks	Mathworks	Software	43.36
4/28/2017	mathworks	Mathworks	Software	43.36
4/28/2017	mathworks	Mathworks	Software	43.36
4/28/2017	mathworks	Mathworks	Software	43.36
4/28/2017	mathworks	Mathworks	Software	97.65
4/28/2017	mathworks	Mathworks	Software	102.73
4/28/2017	mathworks	Mathworks	Software	108.46
4/28/2017	mathworks	Mathworks	Software	390.6
4/3/2017	memory4less.com	memory4less.com	Software	176.28
4/26/2017	memory4less.com	memory4less.com	Software	121.34
4/5/2017	memory4less.com	memory4less.com	Software	128.68
4/3/2017	mitegen	Mitegen	Lab Supplies	112.84
4/3/2017	mitegen	Mitegen	Lab Supplies	112.84
4/3/2017	mitegen	Mitegen	Lab Supplies	491.51
4/30/2017	network recharge	Network Recharge	Facility Services	36.08
4/3/2017	newegg	Newegg	Lab Supplies	77.07
4/14/2017	rigaku	Rigaku	Screens	2163.09
4/10/2017	ttp labtech	TTP Labtech	TTP Labtech	2762.5
4/17/2017	ttp labtech	TTP Labtech	TTP Labtech	241.71
4/17/2017	ttp labtech	TTP Labtech	TTP Labtech	368.1
4/17/2017	ttp labtech	TTP Labtech	TTP Labtech	1725.2
4/12/2017	vpl	VPL	Facility Services	3.41
4/12/2017	vpl	VPL	Facility Services	3.41
4/12/2017	vpl	VPL	Facility Services	14.49
4/19/2017	vpl	VPL	Facility Services	10.63
4/21/2017	waddling, chris	Waddling, Chris	Misc	234.98
5/1/2017	airgas	Airgas	Facility Services	83.55
5/12/2017	airgas	Airgas	Facility Services	83.55
5/23/2017	airgas	Airgas	Facility Services	83.55
5/31/2017	bik rchg 4/17	BIK Rchg 4/17	Facility Services	20
5/25/2017	bulbconnection.com	bulbconnection.com	Lab Supplies	51
5/25/2017	bulbconnection.com	bulbconnection.com	Lab Supplies	56.31
5/31/2017	cmptg dvc sprt rchg	cmptg dvc sprt rchg	Facility Services	1.1
5/23/2017	e&k scientific	E&K Scientific	Lab Supplies	582.51
5/31/2017	locknetics	Locknetics	Facility Services	367.56
5/31/2017	gen/auto/liab	gen/auto/liab	Facility Services	0.79
5/31/2017	gen/auto/liab	gen/auto/liab	Facility Services	50.26
5/1/2017	hampton research	Hampton Research	Screens	51
5/1/2017	hampton research	Hampton Research	Screens	77.04
5/12/2017	hampton research	Hampton Research	Screens	1197.84
5/23/2017	hampton research	Hampton Research	Screens	1210.4
5/22/2017	mt rainin	mt rainin	Lab Supplies	41.01
5/26/2017	mt rainin	mt rainin	Lab Supplies	88.12
5/26/2017	mt rainin	mt rainin	Lab Supplies	113.4
5/25/2017	millipore	MILLIPORE	Lab Supplies	61.55
5/25/2017	millipore	MILLIPORE	Lab Supplies	251.25
5/25/2017	millipore	MILLIPORE	Lab Supplies	300.7
5/31/2017	molecular dimensions	MOLECULAR DIMENSIONS	Screens	368.3
5/31/2017	molecular dimensions	MOLECULAR DIMENSIONS	Screens	185.32
5/31/2017	molecular dimensions	MOLECULAR DIMENSIONS	Screens	360.04
5/31/2017	network recharge	Network Recharge	Facility Services	36.08
5/12/2017	qiagen	Qiagen	Screens	270.91
5/12/2017	qiagen	Qiagen	Screens	270.92
5/17/2017	qiagen	Qiagen	Screens	270.91
5/17/2017	qiagen	Qiagen	Screens	270.91
5/17/2017	qiagen	Qiagen	Screens	270.91
5/17/2017	qiagen	Qiagen	Screens	270.91
5/17/2017	qiagen	Qiagen	Screens	270.91
5/17/2017	qiagen	Qiagen	Screens	270.93
5/17/2017	qiagen	Qiagen	Screens	541.83
5/19/2017	qiagen	Qiagen	Screens	270.91
5/24/2017	qiagen	Qiagen	Screens	270.91
5/24/2017	qiagen	Qiagen	Screens	270.91
5/26/2017	qiagen	Qiagen	Screens	270.91
5/26/2017	qiagen	Qiagen	Screens	270.91
5/26/2017	qiagen	Qiagen	Screens	270.92
5/30/2017	qiagen	Qiagen	Screens	283.41
5/31/2017	qiagen	Qiagen	Screens	270.91
5/31/2017	qiagen	Qiagen	Screens	270.91
5/11/2017	shi international corp	SHI INTERNATIONAL CORP	Lab Supplies	44.79
5/9/2017	ttp labtech	TTP LABTECH	TTP Labtech	202.38
5/9/2017	ttp labtech	TTP LABTECH	TTP Labtech	607.13
5/22/2017	ttp labtech	TTP LABTECH	TTP Labtech	444.7
5/22/2017	ttp labtech	TTP LABTECH	TTP Labtech	1634.26
5/17/2017	ttp labtech	TTP LABTECH	TTP Labtech	4229.87
5/3/2017	vantage point logistics	VANTAGE POINT LOGISTICS	Facility Services	10.7
5/17/2017	vantage point logistics	VANTAGE POINT LOGISTICS	Facility Services	3.86
5/17/2017	vantage point logistics	VANTAGE POINT LOGISTICS	Facility Services	6.29
5/31/2017	vantage point logistics	VANTAGE POINT LOGISTICS	Facility Services	4.96
5/31/2017	vantage point logistics	VANTAGE POINT LOGISTICS	Facility Services	5.83
5/10/2017	vantage point logistics	VANTAGE POINT LOGISTICS	Facility Services	10.64
5/24/2017	vantage point logistics	VANTAGE POINT LOGISTICS	Facility Services	9
6/7/2017	airgas	Airgas	Facility Services	83.55
6/15/2017	airgas	Airgas	Facility Services	158.41
6/19/2017	airgas	Airgas	Facility Services	86.05
6/22/2017	airgas	Airgas	Facility Services	86.05
6/12/2017	bik rchg 5/17	BIK Rchg 5/17	Facility Services	130
6/30/2017	cmptg dvc sprt rchg	cmptg dvc sprt rchg	Facility Services	1.1
6/7/2017	e&k scientific	E&K Scientific	Lab Supplies	537.08
6/7/2017	e&k scientific	E&K Scientific	Lab Supplies	582.51
6/30/2017	locknetics	Locknetics	Facility Services	275.67
6/30/2017	gen/auto/liab	gen/auto/liab	Facility Services	0.98
6/30/2017	gen/auto/liab	gen/auto/liab	Facility Services	50.26
6/30/2017	hampton research	Hampton Research	Screens	1996.4
6/1/2017	mt rainin	MT Rainin	Lab Supplies	554.87
6/30/2017	network recharge	Network Recharge	Facility Services	36.08
6/2/2017	qiagen	Qiagen	Screens	270.91
6/2/2017	qiagen	Qiagen	Screens	283.41
6/14/2017	qiagen	Qiagen	Screens	283.41
6/15/2017	qiagen	Qiagen	Screens	283.41
6/29/2017	qiagen	Qiagen	Screens	270.91
6/29/2017	qiagen	Qiagen	Screens	270.91
6/29/2017	qiagen	Qiagen	Screens	270.91
6/29/2017	qiagen	Qiagen	Screens	270.91
6/29/2017	qiagen	Qiagen	Screens	270.91
6/29/2017	qiagen	Qiagen	Screens	270.93
6/12/2017	ttp labtech	TTP Labtech	TTP Labtech	631.61
6/12/2017	ttp labtech	TTP Labtech	TTP Labtech	1767.43
6/23/2017	ttp labtech	TTP Labtech	TTP Labtech	2708.26
6/8/2017	vwr international	VWR International	Lab Supplies	389.2
6/30/2017	vwr international	VWR International	Lab Supplies	379.7
7/20/2017	airgas	Airgas	Facility Services	86.05
7/20/2017	airgas	Airgas	Facility Services	86.05
7/27/2017	bik rchg 6/17	BIK Rchg 6/17	Facility Services	80
7/31/2017	cmptg dvc sprt rchg	cmptg dvc sprt rchg	Facility Services	1.18
7/31/2017	locknetics	Locknetics	Facility Services	953.4
7/31/2017	gen/auto/liab	gen/auto/liab	Facility Services	1.21
7/31/2017	gen/auto/liab	gen/auto/liab	Facility Services	51.01
7/31/2017	gh (24) - flr:01	GH (24) - Flr:01	Facility Services	19.06
7/7/2017	mathworks	Mathworks	Software	43.36
7/7/2017	mathworks	Mathworks	Software	43.36
7/7/2017	mathworks	Mathworks	Software	43.36
7/7/2017	mathworks	Mathworks	Software	43.36
7/7/2017	mathworks	Mathworks	Software	43.36
7/7/2017	mathworks	Mathworks	Software	43.36
7/7/2017	mathworks	Mathworks	Software	102.73
7/7/2017	mathworks	Mathworks	Software	108.46
7/7/2017	mathworks	Mathworks	Software	390.6
7/31/2017	network recharge	Network Recharge	Facility Services	36.08
7/18/2017	qiagen	Qiagen	Screens	270.91
7/27/2017	ttp labtech	TTP Labtech	TTP Labtech	1730.58
7/31/2017	ttp labtech	TTP Labtech	TTP Labtech	1780.58
7/19/2017	vpl	VPL	Facility Services	9.25
8/3/2017	airgas	Airgas	Facility Services	86.05
8/17/2017	airgas	Airgas	Facility Services	86.05
8/28/2017	airgas	Airgas	Facility Services	172.1
8/31/2017	computing device support rchg	COMPUTING DEVICE SUPPORT RCHG	Facility Services	1.18
8/31/2017	locknetics	Locknetics	Facility Services	953.4
8/31/2017	gen/auto liability	GEN/AUTO LIABILITY	Facility Services	0.81
8/31/2017	gen/auto liability	GEN/AUTO LIABILITY	Facility Services	51.01
8/31/2017	network recharge	Network Recharge	Facility Services	36.08
8/23/2017	qiagen	Qiagen	Screens	270.91
8/23/2017	qiagen	Qiagen	Screens	270.92
8/23/2017	qiagen	Qiagen	Screens	270.91
8/23/2017	qiagen	Qiagen	Screens	270.91
8/24/2017	qiagen	Qiagen	Screens	270.91
8/30/2017	qiagen	Qiagen	Screens	270.91
8/17/2017	qiagen	Qiagen	Screens	144.42
8/22/2017	ttp labtech	TTP LABTECH	TTP Labtech	1784.83
8/3/2017	ttp labtech	TTP LABTECH	TTP Labtech	1644.96
8/30/2017	ttp labtech	TTP LABTECH	TTP Labtech	1752.28
8/30/2017	vantage point logistics	VANTAGE POINT LOGISTICS	Facility Services	8.57
9/14/17	airgas	Airgas	Facility Services	86.05
9/21/17	bik rchg, 8/17	BIK Rchg, 8/17	Facility Services	130
9/30/17	cmptg dvc sprt rchg	cmptg dvc sprt rchg	Facility Services	5.9
9/11/17	e&k scientific	E&K Scientific	Lab Supplies	402.81
9/11/17	e&k scientific	E&K Scientific	Lab Supplies	615.06
9/7/17	formulatrix	Formulatrix	Formulatrix	1993.68
9/7/17	formulatrix	Formulatrix	Formulatrix	5200
9/7/17	formulatrix	Formulatrix	Formulatrix	5200
9/7/17	formulatrix	Formulatrix	Formulatrix	8927.36
9/30/17	locknetics	Locknetics	Facility Services	127.12
9/30/17	gen/auto/liab	gen/auto/liab	Facility Services	9.87
9/30/17	gen/auto/liab	gen/auto/liab	Facility Services	18.44
9/14/17	hampton research	Hampton Research	Screens	555.52
9/18/17	hampton research	Hampton Research	Screens	399.28
9/5/17	mt rainin	MT Rainin	Lab Supplies	277.43
9/14/17	molecular dimensions	Molecular Dimensions	Screens	201.13
9/14/17	molecular dimensions	Molecular Dimensions	Screens	390.75
9/14/17	molecular dimensions	Molecular Dimensions	Screens	192.92
9/14/17	molecular dimensions	Molecular Dimensions	Screens	214.97
9/14/17	molecular dimensions	Molecular Dimensions	Screens	226
9/30/17	network recharge	Network Recharge	Facility Services	24.2
9/5/17	qiagen	Qiagen	Screens	270.91
9/21/17	ttp labtech	TTP Labtech	TTP Labtech	1750.58
9/6/17	vpl	VPL	Facility Services	8.05
9/20/17	vpl	VPL	Facility Services	8.58
10/2/2017	airgas	Airgas	Facility Services	86.05
10/16/2017	airgas	Airgas	Facility Services	86.05
10/30/2017	airgas	Airgas	Facility Services	86.05
10/31/2017	computing device support rchg	COMPUTING DEVICE SUPPORT RCHG	Facility Services	7.08
10/31/2017	locknetics	Locknetics	Facility Services	1334.76
10/31/2017	gen/auto liability	GEN/AUTO LIABILITY	Facility Services	9.87
10/31/2017	gen/auto liability	GEN/AUTO LIABILITY	Facility Services	19.31
10/31/2017	network recharge	Network Recharge	Facility Services	25.08
10/23/2017	qiagen	Qiagen	Screens	280.75
10/23/2017	qiagen	Qiagen	Screens	280.76
10/23/2017	qiagen	Qiagen	Screens	280.75
10/27/2017	qiagen	Qiagen	Screens	280.75
10/30/2017	qiagen	Qiagen	Screens	280.75
10/4/2017	vantage point logistics	VANTAGE POINT LOGISTICS	Facility Services	0.72
10/4/2017	vantage point logistics	VANTAGE POINT LOGISTICS	Facility Services	1.03
10/4/2017	vantage point logistics	VANTAGE POINT LOGISTICS	Facility Services	1.05
10/4/2017	vantage point logistics	VANTAGE POINT LOGISTICS	Facility Services	1.05
10/4/2017	vantage point logistics	VANTAGE POINT LOGISTICS	Facility Services	1.05
10/4/2017	vantage point logistics	VANTAGE POINT LOGISTICS	Facility Services	1.05
10/4/2017	vantage point logistics	VANTAGE POINT LOGISTICS	Facility Services	1.05
10/4/2017	vantage point logistics	VANTAGE POINT LOGISTICS	Facility Services	1.05
10/4/2017	vantage point logistics	VANTAGE POINT LOGISTICS	Facility Services	8.07
10/4/2017	vantage point logistics	VANTAGE POINT LOGISTICS	Facility Services	15.34
11/1/17	airgas	Airgas	Facility Services	86.05
11/2/17	airgas	Airgas	Facility Services	86.05
11/3/17	cmptg dvc sprt rchg	cmptg dvc sprt rchg	Facility Services	7.08
11/4/17	locknetics	Locknetics	Facility Services	889.84
11/5/17	gen/auto/liab	gen/auto/liab	Facility Services	9.87
11/6/17	gen/auto/liab	gen/auto/liab	Facility Services	19.31
11/7/17	network recharge	Network Recharge	Facility Services	25.08
11/8/17	qiagen	Qiagen	Screens	270.91
11/9/17	vpl	VPL	Facility Services	18.51
11/10/17	vpl	VPL	Facility Services	0.53
11/11/17	vpl	VPL	Facility Services	0.53
11/12/17	vpl	VPL	Facility Services	0.7
11/13/17	vpl	VPL	Facility Services	2.29
11/14/17	vpl	VPL	Facility Services	2.29
11/15/17	vpl	VPL	Facility Services	11.24
11/16/17	vwr international	VWR International	Lab Supplies	214.85
12/1/17	airgas	Airgas	Facility Services	86.05
12/2/17	airgas	Airgas	Facility Services	86.05
12/3/17	bik rchg, nov'17	BIK Rchg, Nov'17	Facility Services	160
12/4/17	computing device support rchg	COMPUTING DEVICE SUPPORT RCHG	Facility Services	7.08
12/5/17	gen/auto liability	GEN/AUTO LIABILITY	Facility Services	9.87
12/6/17	gen/auto liability	GEN/AUTO LIABILITY	Facility Services	21.89
12/7/17	network recharge	Network Recharge	Facility Services	25.08
12/8/17	qiagen	Qiagen	Screens	288.25
12/9/17	qiagen	Qiagen	Screens	288.26
12/10/17	ttp labtech	TTP LABTECH	TTP Labtech	6942.3
12/11/17	ttp labtech	TTP LABTECH	TTP Labtech	195.77
12/12/17	ttp labtech	TTP LABTECH	TTP Labtech	244.72
12/13/17	ttp labtech	TTP LABTECH	TTP Labtech	337.16
12/14/17	ttp labtech	TTP LABTECH	TTP Labtech	1087.63
12/15/17	ttp labtech	TTP LABTECH	TTP Labtech	1087.63
12/16/17	ttp labtech	TTP LABTECH	TTP Labtech	5329.37
1/1/17			Salary/benefits	9424.44
2/1/17			Salary/benefits	9419.94
3/1/17			Salary/benefits	8254.23
4/1/17			Salary/benefits	9350.83
5/1/17			Salary/benefits	9374.95
6/1/17			Salary/benefits	4980.75
7/1/17			Salary/benefits	9608.77
8/1/17			Salary/benefits	9000.39
9/1/17			Salary/benefits	5067.12
10/1/17			Salary/benefits	4631.96
11/1/17			Salary/benefits	4968.74
12/1/17			Salary/benefits	5328.2
1/4/2018	airgas	Airgas	Facility Services	86.05
1/18/2018	airgas	Airgas	Facility Services	86.05
1/31/2018	cmptg dvc sprt rchg	cmptg dvc sprt rchg	Facility Services	6.49
1/31/2018	locknetics	Locknetics	Facility Services	635.6
1/31/2018	gen/auto/liab	gen/auto/liab	Facility Services	9.87
1/31/2018	gen/auto/liab	gen/auto/liab	Facility Services	18.87
1/16/2018	hampton research	Hampton Research	Screens	555.52
1/16/2018	hampton research	Hampton Research	Screens	555.52
1/29/2018	hampton research	Hampton Research	Screens	1597.12
1/23/2018	mt rainin	MT Rainin	Lab Supplies	243.15
1/31/2018	network recharge	network recharge	Facility Services	24.64
1/5/2018	qiagen	qiagen	Screens	284.08
1/8/2018	qiagen	qiagen	Screens	284.08
1/12/2018	qiagen	qiagen	Screens	284.09
1/23/2018	qiagen	qiagen	Screens	288.25
1/23/2018	qiagen	qiagen	Screens	288.25
2/1	airgas	Airgas	Facility Services	86.05
2/2	bik rchg	BIK Rchg	Facility Services	80
2/3	cmptg dvc sprt rchg	cmptg dvc sprt rchg	Facility Services	2.88
2/4	locknetics	Locknetics	Facility Services	254.24
2/5	gen/auto/liab	gen/auto/liab	Facility Services	9.87
2/6	gen/auto/liab	gen/auto/liab	Facility Services	16.61
2/7	network recharge	network recharge	Facility Services	21.95
2/8	vpl	VPL	Facility Services	10.27
3/15/2018	airgas	Airgas	Facility Services	86.05
3/31/2018	cmptg dvc sprt rchg	cmptg dvc sprt rchg	Facility Services	8.04
3/9/2018	formulatrix	Formulatrix	Formulatrix	4616.37
3/31/2018	locknetics	Locknetics	Facility Services	1112.3
3/31/2018	gen/auto/liab	gen/auto/liab	Facility Services	9.87
3/31/2018	gen/auto/liab	gen/auto/liab	Facility Services	20.41
3/31/2018	network recharge	network recharge	Facility Services	25.8
3/13/2018	qiagen	qiagen	Screens	300.75
3/22/2018	qiagen	qiagen	Screens	288.25
3/27/2018	qiagen	qiagen	Screens	288.25
3/29/2018	qiagen	qiagen	Screens	300.75
3/29/2018	qiagen	qiagen	Screens	288.25
3/29/2018	qiagen	qiagen	Screens	288.25
4/1	airgas	Airgas	Facility Services	86.05
4/2	airgas	Airgas	Facility Services	86.05
4/3	airgas	Airgas	Facility Services	86.05
4/4	airgas	Airgas	Facility Services	86.05
4/5	bik rchg	BIK Rchg	Facility Services	60
4/6	computing device support rchg	Computing Device Support Rchg	Facility Services	8.26
4/7	locknetics	Locknetics	Facility Services	826.28
4/8	gen/auto liability	GEN/AUTO LIABILITY	Facility Services	9.87
4/9	gen/auto liability	GEN/AUTO LIABILITY	Facility Services	20.56
4/10	hampton research	HAMPTON RESEARCH	Screens	809.76
4/11	molecular dimensions	MOLECULAR DIMENSIONS	Screens	195.3
4/12	molecular dimensions	MOLECULAR DIMENSIONS	Screens	218.09
4/13	molecular dimensions	MOLECULAR DIMENSIONS	Screens	228.94
4/14	network recharge	Network Recharge	Facility Services	25.96
4/15	qiagen	qiagen	Screens	282
4/16	qiagen	qiagen	Screens	282
4/17	qiagen	qiagen	Screens	282
4/18	qiagen	qiagen	Screens	
4/19	ttp labtech	TTP LABTECH	TTP Labtech	5316.5
4/20	ttp labtech	TTP LABTECH	TTP Labtech	6972.3
4/21	vantage point logistics	VANTAGE POINT LOGISTICS	Facility Services	7
4/22	vantage point logistics	VANTAGE POINT LOGISTICS	Facility Services	7.93
4/23	vantage point logistics	VANTAGE POINT LOGISTICS	Facility Services	8.4
4/24	vwr international	VWR INTERNATIONAL	Lab Supplies	251.46
5/1	airgas	Airgas	Facility Services	86.05
5/2	airgas	Airgas	Facility Services	86.05
5/3	cmptg dvc sprt rchg	cmptg dvc sprt rchg	Facility Services	8.26
5/4	locknetics	Locknetics	Facility Services	762.72
5/5	gen/auto/liab	gen/auto/liab	Facility Services	9.87
5/6	gen/auto/liab	gen/auto/liab	Facility Services	20.56
5/7	hampton research	hampton research	Screens	555.52
5/8	hampton research	hampton research	Screens	51.21
5/9	hampton research	hampton research	Screens	798.56
5/10	network recharge	network recharge	Facility Services	25.96
5/11	qiagen	Qiagen	Screens	288.25
5/12	qiagen	Qiagen	Screens	288.25
5/13	sapphire	Sapphire	Screens	704.25
5/14	uline	Uline	Lab Supplies	105.66
5/15	vpl	VPL	Facility Services	26.11
5/16	vpl	VPL	Facility Services	0.63
5/17	vpl	VPL	Facility Services	9.85
5/18	vpl	VPL	Facility Services	9.45
6/7/2018	airgas	Airgas	Facility Services	86.05
6/21/2018	airgas	Airgas	Facility Services	88.63
6/30/2018	airgas	Airgas	Facility Services	88.63
6/8/2018	bik rchg	BIK Rchg	Facility Services	80
6/18/2018	bik rchg	BIK Rchg	Facility Services	40
6/29/2018	cdw-government	CDW-Government	Lab Supplies	389.52
6/30/2018	cmptg dvc sprt rchg	cmptg dvc sprt rchg	Facility Services	20.03
6/26/2018	formulatrix	Formulatrix	Formulatrix	888.71
6/30/2018	locknetics	Locknetics	Facility Services	1271.2
6/30/2018	gen/auto/liab	gen/auto/liab	Facility Services	9.99
6/30/2018	gen/auto/liab	gen/auto/liab	Facility Services	23.14
6/30/2018	network recharge	network recharge	Facility Services	25.96
6/11/2018	qiagen	Qiagen	Screens	288.25
6/11/2018	qiagen	Qiagen	Screens	288.26
6/13/2018	qiagen	Qiagen	Screens	284.08
6/13/2018	qiagen	Qiagen	Screens	284.08
6/13/2018	qiagen	Qiagen	Screens	284.1
7/31/2018	locknetics	LOCKNETICs	Facility Services	0.88
7/18/2018	airgas	airgas	Facility Services	88.63
7/10/2018	qiagen	qiagen	Screens	300.75
7/10/2018	vwr international	VWR INTERNATIONAL	Lab Supplies	251.46
7/23/2018	qiagen	qiagen	Screens	288.25
7/23/2018	qiagen	qiagen	Screens	288.26
7/25/2018	vantage point logistics	VANTAGE POINT LOGISTICS	Facility Services	0.21
7/25/2018	vantage point logistics	VANTAGE POINT LOGISTICS	Facility Services	0.42
7/25/2018	vantage point logistics	VANTAGE POINT LOGISTICS	Facility Services	0.42
7/25/2018	vantage point logistics	VANTAGE POINT LOGISTICS	Facility Services	1.47
7/25/2018	vantage point logistics	VANTAGE POINT LOGISTICS	Facility Services	1.47
7/25/2018	vantage point logistics	VANTAGE POINT LOGISTICS	Facility Services	7.37
7/25/2018	vantage point logistics	VANTAGE POINT LOGISTICS	Facility Services	9.7
7/31/2018	pourmal, sergei	POURMAL, SERGEI	Misc	108.49
7/31/2018	computing device support rchg	COMPUTING DEVICE SUPPORT RCHG	Facility Services	20.06
7/31/2018	network recharge	Network Recharge	Facility Services	25.96
7/31/2018	locknetics	LOCKNETICS	Facility Services	936.7
7/26/2018	bik rchg	BIK Rchg	Facility Services	80
7/31/2018	gen/auto liability	GEN/AUTO LIABILITY	Facility Services	10.68
7/31/2018	gen/auto liability	GEN/AUTO LIABILITY	Facility Services	20.59
8/3/2018	airgas	AIRGAS	Facility Services	88.63
8/16/2018	airgas	airgas	Facility Services	88.63
8/30/2018	airgas	airgas	Facility Services	88.63
8/27/2018	anatrace	ANATRACE	Screens	256.06
8/27/2018	anatrace	ANATRACE	Screens	256.06
8/15/2018	bik rchg	BIK Rchg	Facility Services	80
8/31/2018	computing device support rchg	COMPUTING DEVICE SUPPORT RCHG	Facility Services	19.79
8/31/2018	locknetics	LOCKNETICS	Facility Services	674.65
8/31/2018	gen/auto liability	GEN/AUTO LIABILITY	Facility Services	10.68
8/31/2018	gen/auto liability	GEN/AUTO LIABILITY	Facility Services	20.3
8/31/2018	network recharge	Network Recharge	Facility Services	25.76
8/8/2018	qiagen	qiagen	Screens	279.92
8/8/2018	qiagen	qiagen	Screens	279.92
8/8/2018	qiagen	qiagen	Screens	279.92
8/8/2018	qiagen	qiagen	Screens	279.92
8/8/2018	qiagen	qiagen	Screens	279.92
8/8/2018	qiagen	qiagen	Screens	279.92
8/9/2018	ttp labtech	TTP LABTECH	TTP Labtech	206.42
8/9/2018	ttp labtech	TTP LABTECH	TTP Labtech	271.6
8/9/2018	ttp labtech	TTP LABTECH	TTP Labtech	347.65
8/9/2018	ttp labtech	TTP LABTECH	TTP Labtech	1083.68
8/9/2018	ttp labtech	TTP LABTECH	TTP Labtech	1083.68
8/9/2018	ttp labtech	TTP LABTECH	TTP Labtech	5431.98
8/9/2018	ttp labtech	TTP LABTECH	TTP Labtech	7148.47
8/29/2018	vwr international	VWR INTERNATIONAL	Lab Supplies	251.46
9/10/2018	airgas	airgas	Facility Services	88.63
9/27/2018	airgas	airgas	Facility Services	88.63
9/25/2018	bik rchg	BIK Rchg	Facility Services	40
9/30/2018	computing device support rchg	COMPUTING DEVICE SUPPORT RCHG	Facility Services	56.39
9/13/2018	e&k scientific products	E&K SCIENTIFIC PRODUCTS	Lab Supplies	684.64
9/30/2018	locknetics	LOCKNETICS	Facility Services	708.38
9/30/2018	gen/auto liability	GEN/AUTO LIABILITY	Facility Services	1.1
9/30/2018	gen/auto liability	GEN/AUTO LIABILITY	Facility Services	29.24
9/30/2018	mb gh s176 fabricate one namep	MB GH S176 FABRICATE ONE NAMEP	Facility Services	75.46
9/30/2018	network recharge	Network Recharge	Facility Services	42.05
9/12/2018	qiagen	qiagen	Screens	356.09
9/24/2018	rigaku americas corporation	RIGAKU AMERICAS CORPORATION	Screens	298.38
9/19/2018	vantage point logistics	VANTAGE POINT LOGISTICS	Facility Services	11.82
9/19/2018	vantage point logistics	VANTAGE POINT LOGISTICS	Facility Services	11.83
1/1/18			Salary/benefits	5240.78
2/1/18			Salary/benefits	4238.56
3/1/18			Salary/benefits	5690.58
4/1/18			Salary/benefits	5554.58
5/1/18			Salary/benefits	5553.91
6/1/18			Salary/benefits	3798.59
7/1/18			Salary/benefits	6007.35
8/1/18			Salary/benefits	2062.61
9/1/18			Salary/benefits	5081.42